Active,Category,Subcategory,Audience,PageName,PageId
n,RedStack,,all,RedStack Portal Home,277076184
y,RedStack,,all,Red Stack Platform (BMP OpenStack CloudForms),281254380
y,RedStack,,all,RedStack Glossary,282048085
y,RedStack,,all,CloudForms Glossary,282048095
y,RedStack,,all,OpenStack Glossary,281248577
y,RedStack,,all,BMP Glossary,282043216
y,RedStack,,all,BMP Terminology - Definitions,282045343
y,RedStack,,build,Discovery: Detailed Explanation,282035722
y,RedStack,,build,Stemcell: Detailed Explanation,282035740
y,RedStack,,all,Common Cloud Terminology,281248642
y,RedStack,,build,Framework for Red Stack deployment update and upgrade process.,281254385
y,RedStack,,all,Red Stack - Phase2 - Documentation Deliverables Matrix,281251640
y,RedStack,,build,Running Puppet on Cloudforms Appliances,282925499
y,BMP,,dev,Bare Metal Provisioning (BMP),281253023
y,BMP,,dev,BMP Overview,282054285
y,BMP,Installation,dev,BMP Installation Guide,282038702
y,BMP,Installation,,Centralized Foreman Runbook,282036814
y,BMP,Installation,,Foreman Installation (Sprint 14) - BMP 3.8,281254342
y,BMP,Installation,,Foreman Installation (Sprint 15),283972231
y,BMP,Installation,,iPXE Installation Guide (Sprint 15),282928939
y,BMP,Installation,build,Scripts - Detailed Explanations,277078114
y,BMP,Installation,build,db_manage,278439163
y,BMP,Installation,build,Foreman.pl,282044491
y,BMP,Installation,build,host_mgmt,277078955
y,BMP,Installation,build,install_osenv,277078970
y,BMP,Installation,build,install_vwenv,282059854
y,BMP,Installation,build,qip_mgmt,277078155
y,BMP,Installation,build,remove_foreman.sh,278442884
y,BMP,Installation,build,storage_mgmt,280192393
y,BMP,Operations,,BMP Operations Guide,282038719
y,BMP,Operations,,Foreman Operational Guide,281253000
y,BMP,Operations,,Foreman DR Failover Procedures,280962212
y,BMP,Operations,,Foreman Update/Patching Procedure,282040131
y,BMP,Operations,,How to fix broken LDAP Authentication in Foreman,282066250
y,BMP,Operations,,Update Authorized Users If The ActiveDirectory Group Changes,282065223
y,BMP,Operations,,Hooks,277078120
y,BMP,Testing,,BMP Testing Guide,282038699
y,BMP,UserGuide,,BMP User Guide,282038706
y,BMP,UserGuide,,Step-by-step Guide to the Provisioning Process,282035285
y,BMP,UserGuide,,1 - Complete Prerequisites,281252743
y,BMP,UserGuide,,1.1 New Site Preparation,282928682
y,BMP,UserGuide,,1.2 - Work with QIP,282043212
y,BMP,UserGuide,,2 - Discover New Hosts and Push to Stemcell,282043145
y,BMP,UserGuide,,3 - Provision,282043182
y,BMP,UserGuide,,3.1 - OpenStack Provisioning,282043177
y,BMP,UserGuide,,3.2 - ESXi Host Provisioning,282043150
y,BMP,UserGuide,,3.3 RHEL Host,282040066
y,BMP,UserGuide,,4 - Managing Existing Hosts,282043184
y,BMP,UserGuide,,4.1 - Deprovisioning a Host,283976990
y,BMP,UserGuide,,4.2- Replacing a Host,283977274
y,BMP,UserGuide,,4.2.1 - Replace An Existing OpenStack Host,282043191
y,BMP,UserGuide,,4.2.2 - Replace An Existing ESXi Host,282040076
y,BMP,UserGuide,,4.2.3 - Replace An Existing RHEL Host,282040074
y,BMP,UserGuide,,Bare Metal Provisioning (BMP) Process - Consolidated Steps,282042840
y,BMP,UserGuide,,BMP Process - 4 - Provisioning,282035752
y,BMP,DeveloperTools,,BMP Developer Guide,282057965
y,BMP,Operations,,BMP Upgrade Guide,283982108
y,CloudForms,,,CloudForms,280971899
y,CloudForms,,,CloudForms Design and Architecture,282040597
y,CloudForms,,,AppHost4.0-CloudForms-HighLevelDesign,282036775
y,CloudForms,,,CloudForms - Compute Host Evacuation Design,282049661
y,CloudForms,,,CloudForms - VM Deletion Design,282058406
y,CloudForms,,,CloudForms - VM Power Cycle Operations Design,282047099
y,CloudForms,,,CloudForms - VM Reconfigure Design,282047826
y,CloudForms,Installation,,CloudForms Installation Guide,280971918
y,CloudForms,Installation,,Cloudforms - Manual Customization Import,283980364
y,CloudForms,Installation,,Cloudforms - SMTP Integration,283968653
y,CloudForms,Installation,,Cloudforms - Configuring SmartState Analysis for VMWare Providers ,283987338
y,CloudForms,Installation,,Cloudforms - Splunk Integation,283981619
y,CloudForms,UserGuide,,CloudForms User Guide,280972299
y,CloudForms,UserGuide,,User Guide: VM Deletion,283969041
y,CloudForms,UserGuide,,User Guide: VM Reconfiguration,282924016
y,CloudForms,Operations,,CloudForms Operations Guide,282038652
y,CloudForms,Operations,,Cloudforms - Add Openstack Cloud Provider,283980380
y,CloudForms,Operations,,Cloudforms - Add VMWare Infrastructure Providers,283980384
y,CloudForms,Operations,,CloudForms - Compute Host Evacuation,283975613
y,CloudForms,Operations,,CloudForms deployment update and upgrades,281254396
y,CloudForms,Operations,,Cloudforms - Provider Service Accounts,283979125
y,CloudForms,Operations,,Cloudforms - User Access,283969522
y,CloudForms,Testing,,CloudForms Testing,282042903
y,CloudForms,Testing,,CloudForms Test Execution Plan,282918920
y,CloudForms,Testing,,CloudForms - Compute Host Evacuation Test Plan,282054782
y,CloudForms,Testing,,CloudForms - VM Deletion Test Plan,282060034
y,CloudForms,Testing,,CloudForms - VM Power Cycle Operations Test Plan,282046996
y,CloudForms,Testing,,CloudForms - VM Reconfiguration Test Plan,282056480
y,CloudForms,Testing,,Reparent Instance (VM),282054616
y,CloudForms,DeveloperTools,,CloudForms Development Process,282049164
y,CloudForms,DeveloperTools,,Export Customizations,283981360
y,CloudForms,,,Cloudforms Low Level Environments,283976974
,misc,,,Creating a confluence support ticket,280953383
y,OpenStack,,,OpenStack,277078075
y,OpenStack,,,OpenStack Overview,282054758
y,OpenStack,Installation,,Openstack Installation Guide,280956797
y,OpenStack,,,Openstack Environments,282042971
y,OpenStack,Operations,,OpenStack Operational Guide,277078131
y,OpenStack,Operations,,Advanced OpenStack Operations,281250116
y,OpenStack,Operations,,Adding an OpenStack Host,281250142
y,OpenStack,Operations,,Day To Day Operations,281250100
y,OpenStack,Operations,,OpenStack deployment update and upgrades,281254392
y,OpenStack,Operations,,Performing OS Upgrades on OpenStack Environments,276119202
y,OpenStack,Operations,,TroubleShooting,277078101
y,OpenStack,Operations,,service (X) was running but no pid file check disk space,280964819
y,OpenStack,Operations,,Unable to Access Instance Consoles,280170081
y,OpenStack,Testing,,OpenStack Testing Guide,282039006
y,OpenStack,Testing,,Openstack VM Testing Guide,283970852
y,OpenStack,UserGuide,,OpenStack User Guide,282038645
y,OpenStack,UserGuide,,Evacuate A Compute Node,282065249
y,OpenStack,UserGuide,,Glance,277078084
y,OpenStack,UserGuide,,Glance Staging Area RunBook,282066551
y,OpenStack,UserGuide,,Rebuilding the Master Image Staging Area,282926596
y,OpenStack,UserGuide,,RHEL Image Promotion Process for OpenStack Environments,280174628
y,OpenStack,UserGuide,,Introduction To Neutron,282065359
y,OpenStack,UserGuide,,Live Migration Of Instances,282058593
y,OpenStack,UserGuide,,OpenStack's Ceilometer Serivce,282039311
y,OpenStack,UserGuide,,Orchestration In OpenStack,282920582
y,OpenStack,UserGuide,,Power Cycle A Compute Host,282920582
y,OpenStack,UserGuide,,Restarting OpenStack Services,282065381
y,OpenStack,UserGuide,,Starting and Stopping The Control Plane,282060311
y,OpenStack,UserGuide,,Tempest,280183951
y,OpenStack,UserGuide,,Automating Tempest-Kilo Install/Config Guide,282054394
y,OpenStack,UserGuide,,Creating Custom Tempest Test Cases,282046521
y,OpenStack,UserGuide,,generate_tempest_conf,280183868
y,OpenStack,UserGuide,,Sample Configuration,281250926
y,OpenStack,UserGuide,,Tempest Installation Guide,281250921
y,OpenStack,UserGuide,,Tempest Upstream Documentation,281250908
y,OpenStack,UserGuide,,Training,277683855
y,OpenStack,UserGuide,,An Operational Introduction To OpenStack,277072225
y,OpenStack,UserGuide,,Working With Keystone,282918992
y,OpenStack,DeveloperTools,,OpenStack Developer Guide,282057941
y,OpenStack,DeveloperTools,,Configuring the Cloudforms Foreman Hostgroup,283985111
y,OpenStack,DeveloperTools,,Manually Adding Puppet Clients to Puppet/Foreman,282921440
y,OpenStack,DeveloperTools,,Packaging novatest,283977306
y,OpenStack,DeveloperTools,,Puppet Module - polkit,282923722
y,OpenStack,DeveloperTools,,Puppet Module - rh-cloudformkey,282920555
y,OpenStack,DeveloperTools,,Puppet Module - rh-keysync,282065209
y,OpenStack,DeveloperTools,,Puppet Module - rh-openstackpolicy,282066927
y,OpenStack,DeveloperTools,,Puppet Modules -rh-itmkeys ,286711752
y,OpenStack,DeveloperTools,,Deprovisioning an OpenStack Environment,283988873
y,OpenStack,DeveloperTools,,Puppet Module - selinux,282066916
n,OpenStack,Installation,,Openstack Installation Guide (Sprint 14 Draft),283970172
,OpenStack,Installation,,Openstack Installation Guide - Sprint 14,283970172
,misc,,,Q&A,277078584
,misc,,,Troubleshooting articles,280170080
y,OpenStack,UserGuide,,Automated Flavor Load User Guide,282041857
y,misc,,,Command Line Editing of Windows Images,280196945
y,misc,,,Troubleshooting Using Splunk,280190238
y,OpenStack,UserGuide,,Useful Openstack Commands,280178641
,misc,,,File lists,282035274
,misc,,,Student Training Info,282921707
,misc,,,How-to articles,282043144
,misc,,,Decision register,282044589
,misc,,,Archive - Retired pages,283972251
,misc,,,Foreman Installation (Sprint 13),282063099
y,BMP,UserGuide,,1.3 - Adding New VCENTERs for ESXi Provisioning ,284823128
y,OpenStack,Installation,,Openstack Installation Pre-Install Guide ,284824493
y,OpenStack,Operations,,Image Promotion User Guide ,284828741
y,CloudForms,DeveloperTools,,Cloudforms - Load Balancing Configuration ,284831809
y,misc,,,AppHost Infrastructure - Requesting A Network Load Balancing Configuration ,284831865
y,BMP,UserGuide,,3.2.2 - ESXi Multiple Host Provisioning - DRAFT ,285573666
y,BMP,UserGuide,,3.2 - ESXi Host Provisioning ,285573958
y,CloudForms,Installation,,CloudForms - Sprint 4 (17) Deployment Guide ,285577718
y,OpenStack,,,Centralized keystonerc files on BMP server ,285579701
y,OpenStack,DeveloperTools,,Openstack - Load Balancing ,285583806
y,CloudForms,Installation,,Cloudforms Installation Pre-Requisites ,286691733
y,BMP,DeveloperTools,,Procedure to Update Discovery image ,286691922
y,CloudForms,Installation,,CloudForms Installation Guide v2 (Draft) ,286693878
y,misc,,,Database Environments ,286698761
y,OpenStack,Installation,,Openstack Installation Guide  - Sprint 17 ,286702521
y,BMP,Operations,,How to resubmit SoR registration in case the first registration failed ,286704524
y,CloudForms,UserGuide,,User Guide: VM Reparenting ,286704542
y,CloudForms,UserGuide,,User Guide: VM Power On ,286704646
y,CloudForms,UserGuide,,User Guide: VM Power Off ,286704686
y,CloudForms,UserGuide,,User Guide: VM Shut Down ,286704699
y,CloudForms,Installation,,CloudForms - Sprint 5 (18) Deployment Guide ,286710428
y,CloudForms,DeveloperTools,,Creating Custom Dashboard Widgets ,286712614
y,CloudForms,UserGuide,,User Guide: Hypervisor Evacuation ,286714999
y,CloudForms,UserGuide,,User Guide: Hypervisor Reactivation ,286716424
y,CloudForms,UserGuide,,User Guide: Controller Reboot ,286716459
y,CloudForms,UserGuide,,User Guide: Hypervisor Shutdown ,286716654
y,OpenStack,,,OpenStack Availability Zones ,286718216
y,BMP,Installation,,ITM_ENV_setup.sh ,286719771
y,OpenStack,Installation,,Adding Openstack Server to Splunk ,287607839
y,BMP,DeveloperTools,,Updating  the discovery image for a  newly build / existing environment ,287609176
y,BMP,DeveloperTools,,Development Process ,287609183
y,CloudForms,UserGuide,,User Guide: Restart Control Plane ,287611492
y,CloudForms,Installation,,Cloudforms - Environment Sizing ,287611534